,id,date,tests,confirmed,recovered,deaths,hosp,vent,icu,population,school_closing,workplace_closing,cancel_events,gatherings_restrictions,transport_closing,stay_home_restrictions,internal_movement_restrictions,international_movement_restrictions,information_campaigns,testing_policy,contact_tracing,stringency_index,iso_alpha_3,iso_alpha_2,iso_numeric,currency,administrative_area_level,administrative_area_level_1,administrative_area_level_2,administrative_area_level_3,latitude,longitude,key,key_apple_mobility,key_google_mobility
11072,CAN,2020-01-01,0,0,0,0,0,0,0,37057765,0,0,0,0,0,0,0,0,0,0,0,0.0,CAN,CA,124.0,CAD,1,Canada,,,44.78404667,-82.50859333,,Canada,CA
11073,CAN,2020-01-02,0,0,0,0,0,0,0,37057765,0,0,0,0,0,0,0,0,0,0,0,0.0,CAN,CA,124.0,CAD,1,Canada,,,44.78404667,-82.50859333,,Canada,CA
11074,CAN,2020-01-03,0,0,0,0,0,0,0,37057765,0,0,0,0,0,0,0,0,0,0,0,0.0,CAN,CA,124.0,CAD,1,Canada,,,44.78404667,-82.50859333,,Canada,CA
11075,CAN,2020-01-04,0,0,0,0,0,0,0,37057765,0,0,0,0,0,0,0,0,0,0,0,0.0,CAN,CA,124.0,CAD,1,Canada,,,44.78404667,-82.50859333,,Canada,CA
11076,CAN,2020-01-05,0,0,0,0,0,0,0,37057765,0,0,0,0,0,0,0,0,0,0,0,0.0,CAN,CA,124.0,CAD,1,Canada,,,44.78404667,-82.50859333,,Canada,CA
11077,CAN,2020-01-06,0,0,0,0,0,0,0,37057765,0,0,0,0,0,0,0,0,0,0,0,0.0,CAN,CA,124.0,CAD,1,Canada,,,44.78404667,-82.50859333,,Canada,CA
11078,CAN,2020-01-07,0,0,0,0,0,0,0,37057765,0,0,0,0,0,0,0,0,0,0,0,0.0,CAN,CA,124.0,CAD,1,Canada,,,44.78404667,-82.50859333,,Canada,CA
11079,CAN,2020-01-08,0,0,0,0,0,0,0,37057765,0,0,0,0,0,0,0,0,0,0,0,0.0,CAN,CA,124.0,CAD,1,Canada,,,44.78404667,-82.50859333,,Canada,CA
11080,CAN,2020-01-09,0,0,0,0,0,0,0,37057765,0,0,0,0,0,0,0,0,0,0,0,0.0,CAN,CA,124.0,CAD,1,Canada,,,44.78404667,-82.50859333,,Canada,CA
11081,CAN,2020-01-10,0,0,0,0,0,0,0,37057765,0,0,0,0,0,0,0,0,0,0,0,0.0,CAN,CA,124.0,CAD,1,Canada,,,44.78404667,-82.50859333,,Canada,CA
11082,CAN,2020-01-11,0,0,0,0,0,0,0,37057765,0,0,0,0,0,0,0,0,0,0,0,0.0,CAN,CA,124.0,CAD,1,Canada,,,44.78404667,-82.50859333,,Canada,CA
11083,CAN,2020-01-12,0,0,0,0,0,0,0,37057765,0,0,0,0,0,0,0,0,0,0,0,0.0,CAN,CA,124.0,CAD,1,Canada,,,44.78404667,-82.50859333,,Canada,CA
11084,CAN,2020-01-13,0,0,0,0,0,0,0,37057765,0,0,0,0,0,0,0,0,0,0,0,0.0,CAN,CA,124.0,CAD,1,Canada,,,44.78404667,-82.50859333,,Canada,CA
11085,CAN,2020-01-14,0,0,0,0,0,0,0,37057765,0,0,0,0,0,0,0,0,0,0,0,0.0,CAN,CA,124.0,CAD,1,Canada,,,44.78404667,-82.50859333,,Canada,CA
11086,CAN,2020-01-15,0,0,0,0,0,0,0,37057765,0,0,0,0,0,0,0,0,0,0,0,0.0,CAN,CA,124.0,CAD,1,Canada,,,44.78404667,-82.50859333,,Canada,CA
11087,CAN,2020-01-16,0,0,0,0,0,0,0,37057765,0,0,0,0,0,0,0,0,0,0,0,0.0,CAN,CA,124.0,CAD,1,Canada,,,44.78404667,-82.50859333,,Canada,CA
11088,CAN,2020-01-17,0,0,0,0,0,0,0,37057765,0,0,0,0,0,0,0,0,0,0,0,0.0,CAN,CA,124.0,CAD,1,Canada,,,44.78404667,-82.50859333,,Canada,CA
11089,CAN,2020-01-18,0,0,0,0,0,0,0,37057765,0,0,0,0,0,0,0,0,0,0,0,0.0,CAN,CA,124.0,CAD,1,Canada,,,44.78404667,-82.50859333,,Canada,CA
11090,CAN,2020-01-19,0,0,0,0,0,0,0,37057765,0,0,0,0,0,0,0,0,0,0,0,0.0,CAN,CA,124.0,CAD,1,Canada,,,44.78404667,-82.50859333,,Canada,CA
11091,CAN,2020-01-20,0,0,0,0,0,0,0,37057765,0,0,0,0,0,0,0,0,0,0,0,0.0,CAN,CA,124.0,CAD,1,Canada,,,44.78404667,-82.50859333,,Canada,CA
11092,CAN,2020-01-21,0,0,0,0,0,0,0,37057765,0,0,0,0,0,0,0,0,0,0,0,0.0,CAN,CA,124.0,CAD,1,Canada,,,44.78404667,-82.50859333,,Canada,CA
11093,CAN,2020-01-22,0,0,0,0,0,0,0,37057765,0,0,0,0,0,0,0,1,0,0,1,2.78,CAN,CA,124.0,CAD,1,Canada,,,44.78404667,-82.50859333,,Canada,CA
11094,CAN,2020-01-23,0,0,0,0,0,0,0,37057765,0,0,0,0,0,0,0,1,0,0,1,2.78,CAN,CA,124.0,CAD,1,Canada,,,44.78404667,-82.50859333,,Canada,CA
11095,CAN,2020-01-24,0,0,0,0,0,0,0,37057765,0,0,0,0,0,0,0,1,0,0,1,2.78,CAN,CA,124.0,CAD,1,Canada,,,44.78404667,-82.50859333,,Canada,CA
11096,CAN,2020-01-25,0,0,0,0,0,0,0,37057765,0,0,0,0,0,0,0,1,0,1,1,2.78,CAN,CA,124.0,CAD,1,Canada,,,44.78404667,-82.50859333,,Canada,CA
11097,CAN,2020-01-26,0,1,0,0,0,0,0,37057765,0,0,0,0,0,0,0,1,0,1,1,2.78,CAN,CA,124.0,CAD,1,Canada,,,44.78404667,-82.50859333,,Canada,CA
11098,CAN,2020-01-27,0,1,0,0,0,0,0,37057765,0,0,0,0,0,0,0,1,0,1,1,2.78,CAN,CA,124.0,CAD,1,Canada,,,44.78404667,-82.50859333,,Canada,CA
11099,CAN,2020-01-28,0,2,0,0,0,0,0,37057765,0,0,0,0,0,0,0,1,0,1,1,2.78,CAN,CA,124.0,CAD,1,Canada,,,44.78404667,-82.50859333,,Canada,CA
11100,CAN,2020-01-29,0,2,0,0,0,0,0,37057765,0,0,0,0,0,0,0,1,0,1,1,2.78,CAN,CA,124.0,CAD,1,Canada,,,44.78404667,-82.50859333,,Canada,CA
11101,CAN,2020-01-30,0,2,0,0,0,0,0,37057765,0,0,0,0,0,0,0,1,0,1,1,2.78,CAN,CA,124.0,CAD,1,Canada,,,44.78404667,-82.50859333,,Canada,CA
11102,CAN,2020-01-31,0,4,0,0,0,0,0,37057765,0,0,0,0,0,0,0,1,0,1,1,2.78,CAN,CA,124.0,CAD,1,Canada,,,44.78404667,-82.50859333,,Canada,CA
11103,CAN,2020-02-01,0,4,0,0,0,0,0,37057765,0,0,0,0,0,0,0,1,0,1,1,2.78,CAN,CA,124.0,CAD,1,Canada,,,44.78404667,-82.50859333,,Canada,CA
11104,CAN,2020-02-02,0,4,0,0,0,0,0,37057765,0,0,0,0,0,0,0,1,0,1,1,2.78,CAN,CA,124.0,CAD,1,Canada,,,44.78404667,-82.50859333,,Canada,CA
11105,CAN,2020-02-03,0,4,0,0,0,0,0,37057765,0,0,0,0,0,0,0,1,0,1,1,2.78,CAN,CA,124.0,CAD,1,Canada,,,44.78404667,-82.50859333,,Canada,CA
11106,CAN,2020-02-04,0,4,0,0,0,0,0,37057765,0,0,0,0,0,0,0,1,0,1,1,2.78,CAN,CA,124.0,CAD,1,Canada,,,44.78404667,-82.50859333,,Canada,CA
11107,CAN,2020-02-05,0,5,0,0,0,0,0,37057765,0,0,0,0,0,0,0,1,0,1,1,2.78,CAN,CA,124.0,CAD,1,Canada,,,44.78404667,-82.50859333,,Canada,CA
11108,CAN,2020-02-06,0,5,0,0,0,0,0,37057765,0,0,0,0,0,0,0,1,0,1,1,2.78,CAN,CA,124.0,CAD,1,Canada,,,44.78404667,-82.50859333,,Canada,CA
11109,CAN,2020-02-07,0,7,0,0,0,0,0,37057765,0,0,0,0,0,0,0,1,0,1,1,2.78,CAN,CA,124.0,CAD,1,Canada,,,44.78404667,-82.50859333,,Canada,CA
11110,CAN,2020-02-08,0,7,0,0,0,0,0,37057765,0,0,0,0,0,0,0,1,0,1,1,2.78,CAN,CA,124.0,CAD,1,Canada,,,44.78404667,-82.50859333,,Canada,CA
11111,CAN,2020-02-09,0,7,0,0,0,0,0,37057765,0,0,0,0,0,0,0,1,0,1,1,2.78,CAN,CA,124.0,CAD,1,Canada,,,44.78404667,-82.50859333,,Canada,CA
11112,CAN,2020-02-10,0,7,0,0,0,0,0,37057765,0,0,0,0,0,0,0,1,0,1,1,2.78,CAN,CA,124.0,CAD,1,Canada,,,44.78404667,-82.50859333,,Canada,CA
11113,CAN,2020-02-11,0,7,0,0,0,0,0,37057765,0,0,0,0,0,0,0,1,0,1,1,2.78,CAN,CA,124.0,CAD,1,Canada,,,44.78404667,-82.50859333,,Canada,CA
11114,CAN,2020-02-12,0,7,1,0,0,0,0,37057765,0,0,0,0,0,0,0,1,0,1,1,2.78,CAN,CA,124.0,CAD,1,Canada,,,44.78404667,-82.50859333,,Canada,CA
11115,CAN,2020-02-13,0,7,1,0,0,0,0,37057765,0,0,0,0,0,0,0,1,0,1,1,2.78,CAN,CA,124.0,CAD,1,Canada,,,44.78404667,-82.50859333,,Canada,CA
11116,CAN,2020-02-14,0,7,1,0,0,0,0,37057765,0,0,0,0,0,0,0,1,0,1,1,2.78,CAN,CA,124.0,CAD,1,Canada,,,44.78404667,-82.50859333,,Canada,CA
11117,CAN,2020-02-15,0,7,1,0,0,0,0,37057765,0,0,0,0,0,0,0,1,0,1,1,2.78,CAN,CA,124.0,CAD,1,Canada,,,44.78404667,-82.50859333,,Canada,CA
11118,CAN,2020-02-16,0,7,1,0,0,0,0,37057765,0,0,0,0,0,0,0,1,0,1,1,2.78,CAN,CA,124.0,CAD,1,Canada,,,44.78404667,-82.50859333,,Canada,CA
11119,CAN,2020-02-17,0,8,1,0,0,0,0,37057765,0,0,0,0,0,0,0,1,0,1,1,2.78,CAN,CA,124.0,CAD,1,Canada,,,44.78404667,-82.50859333,,Canada,CA
11120,CAN,2020-02-18,0,8,1,0,0,0,0,37057765,0,0,0,0,0,0,0,1,0,1,1,2.78,CAN,CA,124.0,CAD,1,Canada,,,44.78404667,-82.50859333,,Canada,CA
11121,CAN,2020-02-19,0,8,1,0,0,0,0,37057765,0,0,0,0,0,0,0,1,0,1,1,2.78,CAN,CA,124.0,CAD,1,Canada,,,44.78404667,-82.50859333,,Canada,CA
11122,CAN,2020-02-20,0,8,1,0,0,0,0,37057765,0,0,0,0,0,0,0,1,0,1,1,2.78,CAN,CA,124.0,CAD,1,Canada,,,44.78404667,-82.50859333,,Canada,CA
11123,CAN,2020-02-21,0,9,3,0,0,0,0,37057765,0,0,0,0,0,0,0,1,0,1,1,2.78,CAN,CA,124.0,CAD,1,Canada,,,44.78404667,-82.50859333,,Canada,CA
11124,CAN,2020-02-22,0,9,3,0,0,0,0,37057765,0,0,0,0,0,0,0,1,0,1,1,2.78,CAN,CA,124.0,CAD,1,Canada,,,44.78404667,-82.50859333,,Canada,CA
11125,CAN,2020-02-23,0,9,3,0,0,0,0,37057765,0,0,0,0,0,0,0,1,0,1,1,2.78,CAN,CA,124.0,CAD,1,Canada,,,44.78404667,-82.50859333,,Canada,CA
11126,CAN,2020-02-24,0,10,3,0,0,0,0,37057765,0,0,0,0,0,0,0,1,0,1,1,2.78,CAN,CA,124.0,CAD,1,Canada,,,44.78404667,-82.50859333,,Canada,CA
11127,CAN,2020-02-25,0,11,3,0,0,0,0,37057765,0,0,0,0,0,0,0,1,0,1,1,2.78,CAN,CA,124.0,CAD,1,Canada,,,44.78404667,-82.50859333,,Canada,CA
11128,CAN,2020-02-26,0,11,3,0,0,0,0,37057765,0,0,0,0,0,0,0,1,0,1,1,2.78,CAN,CA,124.0,CAD,1,Canada,,,44.78404667,-82.50859333,,Canada,CA
11129,CAN,2020-02-27,0,13,6,0,0,0,0,37057765,0,0,0,0,0,0,0,1,0,1,1,2.78,CAN,CA,124.0,CAD,1,Canada,,,44.78404667,-82.50859333,,Canada,CA
11130,CAN,2020-02-28,0,14,6,0,0,0,0,37057765,0,0,0,0,0,0,0,1,0,1,1,2.78,CAN,CA,124.0,CAD,1,Canada,,,44.78404667,-82.50859333,,Canada,CA
11131,CAN,2020-02-29,0,20,6,0,0,0,0,37057765,0,0,0,0,0,0,0,1,0,1,1,2.78,CAN,CA,124.0,CAD,1,Canada,,,44.78404667,-82.50859333,,Canada,CA
11132,CAN,2020-03-01,0,24,6,0,0,0,0,37057765,0,0,0,0,0,0,0,1,0,1,1,2.78,CAN,CA,124.0,CAD,1,Canada,,,44.78404667,-82.50859333,,Canada,CA
11133,CAN,2020-03-02,0,27,6,0,0,0,0,37057765,0,0,0,0,0,0,0,1,0,1,1,2.78,CAN,CA,124.0,CAD,1,Canada,,,44.78404667,-82.50859333,,Canada,CA
11134,CAN,2020-03-03,0,30,6,0,0,0,0,37057765,0,0,0,0,0,0,0,1,0,1,1,2.78,CAN,CA,124.0,CAD,1,Canada,,,44.78404667,-82.50859333,,Canada,CA
11135,CAN,2020-03-04,0,33,6,0,0,0,0,37057765,0,0,0,0,0,0,0,1,0,1,1,2.78,CAN,CA,124.0,CAD,1,Canada,,,44.78404667,-82.50859333,,Canada,CA
11136,CAN,2020-03-05,0,37,6,0,0,0,0,37057765,0,0,0,0,0,0,0,1,0,1,1,2.78,CAN,CA,124.0,CAD,1,Canada,,,44.78404667,-82.50859333,,Canada,CA
11137,CAN,2020-03-06,0,49,6,0,0,0,0,37057765,0,0,0,0,0,0,0,1,0,1,1,2.78,CAN,CA,124.0,CAD,1,Canada,,,44.78404667,-82.50859333,,Canada,CA
11138,CAN,2020-03-07,0,54,8,0,0,0,0,37057765,0,0,0,0,0,0,0,1,0,1,1,2.78,CAN,CA,124.0,CAD,1,Canada,,,44.78404667,-82.50859333,,Canada,CA
11139,CAN,2020-03-08,0,64,8,0,0,0,0,37057765,0,0,0,0,0,0,0,1,0,1,1,2.78,CAN,CA,124.0,CAD,1,Canada,,,44.78404667,-82.50859333,,Canada,CA
11140,CAN,2020-03-09,0,77,8,1,0,0,0,37057765,0,0,0,0,0,0,0,1,0,2,1,2.78,CAN,CA,124.0,CAD,1,Canada,,,44.78404667,-82.50859333,,Canada,CA
11141,CAN,2020-03-10,0,79,8,1,0,0,0,37057765,0,0,0,0,0,0,0,1,0,2,1,2.78,CAN,CA,124.0,CAD,1,Canada,,,44.78404667,-82.50859333,,Canada,CA
11142,CAN,2020-03-11,11023,108,8,1,0,0,0,37057765,0,0,0,0,0,0,0,1,2,2,1,13.89,CAN,CA,124.0,CAD,1,Canada,,,44.78404667,-82.50859333,,Canada,CA
11143,CAN,2020-03-12,15185,117,8,1,0,0,0,37057765,0,0,2,0,0,0,0,1,2,2,1,22.22,CAN,CA,124.0,CAD,1,Canada,,,44.78404667,-82.50859333,,Canada,CA
11144,CAN,2020-03-13,15185,193,8,1,0,0,0,37057765,0,0,2,0,0,0,0,1,2,2,1,22.22,CAN,CA,124.0,CAD,1,Canada,,,44.78404667,-82.50859333,,Canada,CA
11145,CAN,2020-03-14,22409,198,8,1,0,0,0,37057765,0,0,2,0,0,1,0,1,2,2,1,24.07,CAN,CA,124.0,CAD,1,Canada,,,44.78404667,-82.50859333,,Canada,CA
11146,CAN,2020-03-15,24977,252,8,1,0,0,0,37057765,0,0,2,0,0,1,0,1,2,2,1,24.07,CAN,CA,124.0,CAD,1,Canada,,,44.78404667,-82.50859333,,Canada,CA
11147,CAN,2020-03-16,37730,415,9,4,0,0,0,37057765,3,0,2,3,0,1,0,1,2,2,1,43.52,CAN,CA,124.0,CAD,1,Canada,,,44.78404667,-82.50859333,,Canada,CA
11148,CAN,2020-03-17,44176,478,9,5,0,0,0,37057765,3,0,2,3,0,1,0,1,2,2,1,43.52,CAN,CA,124.0,CAD,1,Canada,,,44.78404667,-82.50859333,,Canada,CA
11149,CAN,2020-03-18,53546,657,9,8,0,0,0,37057765,3,3,2,3,0,1,0,4,2,2,1,61.11,CAN,CA,124.0,CAD,1,Canada,,,44.78404667,-82.50859333,,Canada,CA
11150,CAN,2020-03-19,65851,800,9,9,0,0,0,37057765,3,3,2,3,0,1,0,4,2,3,1,61.11,CAN,CA,124.0,CAD,1,Canada,,,44.78404667,-82.50859333,,Canada,CA
11151,CAN,2020-03-20,76814,943,9,12,0,0,0,37057765,3,3,2,3,0,1,2,4,2,3,1,71.3,CAN,CA,124.0,CAD,1,Canada,,,44.78404667,-82.50859333,,Canada,CA
11152,CAN,2020-03-21,88883,1277,10,19,0,0,0,37057765,3,3,2,3,0,1,2,4,2,3,1,71.3,CAN,CA,124.0,CAD,1,Canada,,,44.78404667,-82.50859333,,Canada,CA
11153,CAN,2020-03-22,98824,1469,10,21,0,0,0,37057765,3,3,2,3,0,1,2,4,2,3,1,71.3,CAN,CA,124.0,CAD,1,Canada,,,44.78404667,-82.50859333,,Canada,CA
11154,CAN,2020-03-23,107147,2088,10,25,0,0,0,37057765,3,3,2,4,0,1,2,4,2,3,1,72.69,CAN,CA,124.0,CAD,1,Canada,,,44.78404667,-82.50859333,,Canada,CA
11155,CAN,2020-03-24,125062,2790,110,26,0,0,0,37057765,3,3,2,4,0,1,2,4,2,3,1,72.69,CAN,CA,124.0,CAD,1,Canada,,,44.78404667,-82.50859333,,Canada,CA
11156,CAN,2020-03-25,147789,3251,183,30,0,0,0,37057765,3,3,2,4,0,1,2,4,2,3,1,72.69,CAN,CA,124.0,CAD,1,Canada,,,44.78404667,-82.50859333,,Canada,CA
11157,CAN,2020-03-26,161603,4042,184,38,0,0,0,37057765,3,3,2,4,0,1,2,4,2,3,1,72.69,CAN,CA,124.0,CAD,1,Canada,,,44.78404667,-82.50859333,,Canada,CA
11158,CAN,2020-03-27,170644,4682,256,54,0,0,0,37057765,3,3,2,4,0,1,2,4,2,3,1,72.69,CAN,CA,124.0,CAD,1,Canada,,,44.78404667,-82.50859333,,Canada,CA
11159,CAN,2020-03-28,187448,5576,466,61,0,0,0,37057765,3,3,2,4,0,1,2,4,2,3,1,72.69,CAN,CA,124.0,CAD,1,Canada,,,44.78404667,-82.50859333,,Canada,CA
11160,CAN,2020-03-29,210435,6280,466,64,0,0,0,37057765,3,3,2,4,0,1,2,4,2,3,1,72.69,CAN,CA,124.0,CAD,1,Canada,,,44.78404667,-82.50859333,,Canada,CA
11161,CAN,2020-03-30,225705,7398,466,80,0,0,0,37057765,3,3,2,4,0,1,2,4,2,3,1,72.69,CAN,CA,124.0,CAD,1,Canada,,,44.78404667,-82.50859333,,Canada,CA
11162,CAN,2020-03-31,241138,8527,1592,101,0,0,0,37057765,3,3,2,4,0,1,2,4,2,3,1,72.69,CAN,CA,124.0,CAD,1,Canada,,,44.78404667,-82.50859333,,Canada,CA
11163,CAN,2020-04-01,256933,9560,1324,109,0,0,0,37057765,3,3,2,4,0,1,2,4,2,3,1,74.54,CAN,CA,124.0,CAD,1,Canada,,,44.78404667,-82.50859333,,Canada,CA
11164,CAN,2020-04-02,273666,11284,1735,139,0,0,0,37057765,3,3,2,4,0,1,2,4,2,3,1,74.54,CAN,CA,124.0,CAD,1,Canada,,,44.78404667,-82.50859333,,Canada,CA
11165,CAN,2020-04-03,295065,12437,2175,179,0,0,0,37057765,3,3,2,4,0,1,2,4,2,3,1,74.54,CAN,CA,124.0,CAD,1,Canada,,,44.78404667,-82.50859333,,Canada,CA
11166,CAN,2020-04-04,311971,12978,2577,218,0,0,0,37057765,3,3,2,4,0,1,2,4,2,3,1,72.69,CAN,CA,124.0,CAD,1,Canada,,,44.78404667,-82.50859333,,Canada,CA
11167,CAN,2020-04-05,324791,15756,3012,259,0,0,0,37057765,3,3,2,4,0,1,2,4,2,3,1,72.69,CAN,CA,124.0,CAD,1,Canada,,,44.78404667,-82.50859333,,Canada,CA
11168,CAN,2020-04-06,336806,16563,3256,339,0,0,0,37057765,3,3,2,4,0,1,2,4,2,3,1,72.69,CAN,CA,124.0,CAD,1,Canada,,,44.78404667,-82.50859333,,Canada,CA
11169,CAN,2020-04-07,348105,17872,3791,375,0,0,0,37057765,3,3,2,4,0,1,2,4,2,3,1,72.69,CAN,CA,124.0,CAD,1,Canada,,,44.78404667,-82.50859333,,Canada,CA
11170,CAN,2020-04-08,361969,19141,4154,407,0,0,0,37057765,3,3,2,4,0,1,2,4,2,3,1,72.69,CAN,CA,124.0,CAD,1,Canada,,,44.78404667,-82.50859333,,Canada,CA
11171,CAN,2020-04-09,375302,20654,5162,503,0,0,0,37057765,3,3,2,4,0,1,2,4,2,3,1,72.69,CAN,CA,124.0,CAD,1,Canada,,,44.78404667,-82.50859333,,Canada,CA
11172,CAN,2020-04-10,391375,22059,5855,557,0,0,0,37057765,3,3,2,4,0,1,2,4,2,3,1,72.69,CAN,CA,124.0,CAD,1,Canada,,,44.78404667,-82.50859333,,Canada,CA
11173,CAN,2020-04-11,404651,23316,6589,654,0,0,0,37057765,3,3,2,4,0,1,2,4,2,3,1,72.69,CAN,CA,124.0,CAD,1,Canada,,,44.78404667,-82.50859333,,Canada,CA
11174,CAN,2020-04-12,422200,24299,7123,714,0,0,0,37057765,3,3,2,4,0,1,2,4,2,3,1,72.69,CAN,CA,124.0,CAD,1,Canada,,,44.78404667,-82.50859333,,Canada,CA
11175,CAN,2020-04-13,437475,25680,7758,781,0,0,0,37057765,3,3,2,4,0,1,2,4,2,3,1,72.69,CAN,CA,124.0,CAD,1,Canada,,,44.78404667,-82.50859333,,Canada,CA
11176,CAN,2020-04-14,454983,27035,8210,901,0,0,0,37057765,3,3,2,4,0,1,2,4,2,3,1,72.69,CAN,CA,124.0,CAD,1,Canada,,,44.78404667,-82.50859333,,Canada,CA
11177,CAN,2020-04-15,467736,28209,8966,1008,0,0,0,37057765,3,3,2,4,0,1,2,4,2,3,1,72.69,CAN,CA,124.0,CAD,1,Canada,,,44.78404667,-82.50859333,,Canada,CA
11178,CAN,2020-04-16,487625,30809,9698,1259,0,0,0,37057765,3,3,2,4,0,1,2,4,2,3,1,72.69,CAN,CA,124.0,CAD,1,Canada,,,44.78404667,-82.50859333,,Canada,CA
11179,CAN,2020-04-17,507701,32814,10545,1356,0,0,0,37057765,3,3,2,4,0,1,2,4,2,3,1,72.69,CAN,CA,124.0,CAD,1,Canada,,,44.78404667,-82.50859333,,Canada,CA
11180,CAN,2020-04-18,528057,34356,10964,1401,0,0,0,37057765,3,3,2,4,0,1,2,4,2,3,1,72.69,CAN,CA,124.0,CAD,1,Canada,,,44.78404667,-82.50859333,,Canada,CA
11181,CAN,2020-04-19,549349,35633,11847,1565,0,0,0,37057765,3,3,2,4,0,1,2,4,2,3,1,72.69,CAN,CA,124.0,CAD,1,Canada,,,44.78404667,-82.50859333,,Canada,CA
11182,CAN,2020-04-20,559578,37658,12543,1727,0,0,0,37057765,3,3,2,4,0,1,2,4,2,3,1,72.69,CAN,CA,124.0,CAD,1,Canada,,,44.78404667,-82.50859333,,Canada,CA
11183,CAN,2020-04-21,569878,39402,13188,1910,0,0,0,37057765,3,3,2,4,0,1,2,4,2,3,1,72.69,CAN,CA,124.0,CAD,1,Canada,,,44.78404667,-82.50859333,,Canada,CA
11184,CAN,2020-04-22,612192,41663,14454,2078,0,0,0,37057765,3,3,2,4,0,1,2,4,2,3,1,72.69,CAN,CA,124.0,CAD,1,Canada,,,44.78404667,-82.50859333,,Canada,CA
11185,CAN,2020-04-23,634917,43299,14761,2241,0,0,0,37057765,3,3,2,4,0,1,2,4,2,3,1,72.69,CAN,CA,124.0,CAD,1,Canada,,,44.78404667,-82.50859333,,Canada,CA
11186,CAN,2020-04-24,660108,44919,15149,2402,0,0,0,37057765,3,3,2,4,0,1,2,4,2,3,1,72.69,CAN,CA,124.0,CAD,1,Canada,,,44.78404667,-82.50859333,,Canada,CA
11187,CAN,2020-04-25,684271,46371,16013,2571,0,0,0,37057765,3,3,2,4,0,1,2,4,2,3,1,72.69,CAN,CA,124.0,CAD,1,Canada,,,44.78404667,-82.50859333,,Canada,CA
11188,CAN,2020-04-26,707508,48033,16883,2687,0,0,0,37057765,3,3,2,4,0,1,2,4,2,3,1,72.69,CAN,CA,124.0,CAD,1,Canada,,,44.78404667,-82.50859333,,Canada,CA
11189,CAN,2020-04-27,733705,49616,18268,2841,0,0,0,37057765,3,3,2,4,0,1,2,4,2,3,1,72.69,CAN,CA,124.0,CAD,1,Canada,,,44.78404667,-82.50859333,,Canada,CA
11190,CAN,2020-04-28,754800,51150,19231,2983,0,0,0,37057765,3,3,2,4,0,1,2,4,2,3,1,72.69,CAN,CA,124.0,CAD,1,Canada,,,44.78404667,-82.50859333,,Canada,CA
11191,CAN,2020-04-29,779613,52865,20327,3155,0,0,0,37057765,3,3,2,4,0,1,2,4,2,3,1,72.69,CAN,CA,124.0,CAD,1,Canada,,,44.78404667,-82.50859333,,Canada,CA
11192,CAN,2020-04-30,806449,54457,21424,3310,0,0,0,37057765,3,3,2,4,0,1,2,4,2,3,1,72.69,CAN,CA,124.0,CAD,1,Canada,,,44.78404667,-82.50859333,,Canada,CA
11193,CAN,2020-05-01,836921,56343,22764,3537,0,0,0,37057765,3,3,2,4,0,1,2,4,2,3,1,72.69,CAN,CA,124.0,CAD,1,Canada,,,44.78404667,-82.50859333,,Canada,CA
11194,CAN,2020-05-02,866235,57926,23814,3684,0,0,0,37057765,3,3,2,4,0,1,2,4,2,3,1,72.69,CAN,CA,124.0,CAD,1,Canada,,,44.78404667,-82.50859333,,Canada,CA
11195,CAN,2020-05-03,897444,60504,24921,3795,0,0,0,37057765,3,3,2,4,0,1,2,4,2,3,1,72.69,CAN,CA,124.0,CAD,1,Canada,,,44.78404667,-82.50859333,,Canada,CA
11196,CAN,2020-05-04,919368,61957,26030,4003,0,0,0,37057765,3,3,2,4,0,1,2,4,2,3,1,72.69,CAN,CA,124.0,CAD,1,Canada,,,44.78404667,-82.50859333,,Canada,CA
11197,CAN,2020-05-05,942602,63215,27006,4190,0,0,0,37057765,3,3,2,4,0,1,2,4,2,3,1,72.69,CAN,CA,124.0,CAD,1,Canada,,,44.78404667,-82.50859333,,Canada,CA
11198,CAN,2020-05-06,973634,64694,28184,4366,0,0,0,37057765,3,3,2,4,0,1,2,4,2,3,1,72.69,CAN,CA,124.0,CAD,1,Canada,,,44.78404667,-82.50859333,,Canada,CA
11199,CAN,2020-05-07,1005294,66201,29260,4541,0,0,0,37057765,3,3,2,4,0,1,2,4,2,3,1,72.69,CAN,CA,124.0,CAD,1,Canada,,,44.78404667,-82.50859333,,Canada,CA
11200,CAN,2020-05-08,1034905,67674,30239,4697,0,0,0,37057765,3,3,2,4,0,1,2,4,2,3,1,72.69,CAN,CA,124.0,CAD,1,Canada,,,44.78404667,-82.50859333,,Canada,CA
11201,CAN,2020-05-09,1071455,68918,31262,4823,0,0,0,37057765,3,3,2,4,0,1,2,4,2,3,1,72.69,CAN,CA,124.0,CAD,1,Canada,,,44.78404667,-82.50859333,,Canada,CA
11202,CAN,2020-05-10,1097520,70091,32109,4991,0,0,0,37057765,3,3,2,4,0,1,2,4,2,3,1,72.69,CAN,CA,124.0,CAD,1,Canada,,,44.78404667,-82.50859333,,Canada,CA
11203,CAN,2020-05-11,1121629,71264,33007,5115,0,0,0,37057765,3,3,2,4,0,1,2,4,2,3,1,70.83,CAN,CA,124.0,CAD,1,Canada,,,44.78404667,-82.50859333,,Canada,CA
11204,CAN,2020-05-12,1145568,72419,34055,5300,0,0,0,37057765,3,3,2,4,0,1,2,4,2,3,1,70.83,CAN,CA,124.0,CAD,1,Canada,,,44.78404667,-82.50859333,,Canada,CA
11205,CAN,2020-05-13,1172872,73568,35177,5425,0,0,0,37057765,3,3,2,4,0,1,2,4,2,3,1,70.83,CAN,CA,124.0,CAD,1,Canada,,,44.78404667,-82.50859333,,Canada,CA
11206,CAN,2020-05-14,1203588,74781,36104,5592,0,0,0,37057765,3,3,2,4,0,1,2,4,2,3,1,70.83,CAN,CA,124.0,CAD,1,Canada,,,44.78404667,-82.50859333,,Canada,CA
11207,CAN,2020-05-15,1236746,75959,36908,5679,0,0,0,37057765,3,3,2,4,0,1,2,4,2,3,1,70.83,CAN,CA,124.0,CAD,1,Canada,,,44.78404667,-82.50859333,,Canada,CA
11208,CAN,2020-05-16,1270254,77206,37832,5800,0,0,0,37057765,3,3,2,4,0,1,2,4,2,3,1,70.83,CAN,CA,124.0,CAD,1,Canada,,,44.78404667,-82.50859333,,Canada,CA
11209,CAN,2020-05-17,1300729,78332,38563,5903,0,0,0,37057765,3,3,2,4,0,1,2,4,2,3,1,70.83,CAN,CA,124.0,CAD,1,Canada,,,44.78404667,-82.50859333,,Canada,CA
11210,CAN,2020-05-18,1323447,79411,39251,5960,0,0,0,37057765,3,3,2,4,0,1,2,4,2,3,1,70.83,CAN,CA,124.0,CAD,1,Canada,,,44.78404667,-82.50859333,,Canada,CA
11211,CAN,2020-05-19,1339971,80493,40069,6028,0,0,0,37057765,3,3,2,4,0,1,2,4,2,3,1,70.83,CAN,CA,124.0,CAD,1,Canada,,,44.78404667,-82.50859333,,Canada,CA
11212,CAN,2020-05-20,1375126,81575,40793,6150,0,0,0,37057765,3,3,2,4,0,1,2,4,2,3,1,70.83,CAN,CA,124.0,CAD,1,Canada,,,44.78404667,-82.50859333,,Canada,CA
11213,CAN,2020-05-21,1379731,82742,41731,6267,0,0,0,37057765,3,3,2,4,0,1,2,4,2,3,1,70.83,CAN,CA,124.0,CAD,1,Canada,,,44.78404667,-82.50859333,,Canada,CA
11214,CAN,2020-05-22,1405284,83947,42608,6360,0,0,0,37057765,3,3,2,4,0,1,2,4,2,3,1,70.83,CAN,CA,124.0,CAD,1,Canada,,,44.78404667,-82.50859333,,Canada,CA
11215,CAN,2020-05-23,1431987,85151,43318,6466,0,0,0,37057765,3,3,2,4,0,1,2,4,2,3,1,70.83,CAN,CA,124.0,CAD,1,Canada,,,44.78404667,-82.50859333,,Canada,CA
11216,CAN,2020-05-24,1459288,86106,43998,6534,0,0,0,37057765,3,3,2,4,0,1,2,4,2,3,1,70.83,CAN,CA,124.0,CAD,1,Canada,,,44.78404667,-82.50859333,,Canada,CA
11217,CAN,2020-05-25,1482468,87119,44651,6655,0,0,0,37057765,3,3,2,4,0,1,2,4,2,3,1,70.83,CAN,CA,124.0,CAD,1,Canada,,,44.78404667,-82.50859333,,Canada,CA
11218,CAN,2020-05-26,1502990,88090,45352,6753,0,0,0,37057765,3,3,2,4,0,1,2,4,2,3,1,70.83,CAN,CA,124.0,CAD,1,Canada,,,44.78404667,-82.50859333,,Canada,CA
11219,CAN,2020-05-27,1530931,88989,46248,6876,0,0,0,37057765,3,3,2,4,0,1,2,4,2,3,1,70.83,CAN,CA,124.0,CAD,1,Canada,,,44.78404667,-82.50859333,,Canada,CA
11220,CAN,2020-05-28,1585235,89976,46961,6982,0,0,0,37057765,3,3,2,4,0,1,2,4,2,3,1,70.83,CAN,CA,124.0,CAD,1,Canada,,,44.78404667,-82.50859333,,Canada,CA
11221,CAN,2020-05-29,1596449,90909,47905,7063,0,0,0,37057765,3,3,2,4,0,1,2,4,2,3,1,70.83,CAN,CA,124.0,CAD,1,Canada,,,44.78404667,-82.50859333,,Canada,CA
11222,CAN,2020-05-30,1634277,91681,48517,7159,0,0,0,37057765,3,3,2,4,0,1,2,4,2,3,1,70.83,CAN,CA,124.0,CAD,1,Canada,,,44.78404667,-82.50859333,,Canada,CA
11223,CAN,2020-05-31,1665831,92479,49213,7374,0,0,0,37057765,3,3,2,4,0,1,2,4,2,3,1,70.83,CAN,CA,124.0,CAD,1,Canada,,,44.78404667,-82.50859333,,Canada,CA
11224,CAN,2020-06-01,1695918,93288,50091,7404,0,0,0,37057765,3,3,2,4,0,1,2,4,2,3,1,70.83,CAN,CA,124.0,CAD,1,Canada,,,44.78404667,-82.50859333,,Canada,CA
11225,CAN,2020-06-02,1724250,93960,50725,7478,0,0,0,37057765,3,3,2,4,0,1,2,4,2,3,1,70.83,CAN,CA,124.0,CAD,1,Canada,,,44.78404667,-82.50859333,,Canada,CA
11226,CAN,2020-06-03,1755926,94641,51506,7579,0,0,0,37057765,3,3,2,4,0,1,2,4,2,3,1,70.83,CAN,CA,124.0,CAD,1,Canada,,,44.78404667,-82.50859333,,Canada,CA
11227,CAN,2020-06-04,1791106,95269,52184,7717,0,0,0,37057765,3,3,2,4,0,1,2,4,2,3,1,70.83,CAN,CA,124.0,CAD,1,Canada,,,44.78404667,-82.50859333,,Canada,CA
11228,CAN,2020-06-05,1830498,95947,53074,7778,0,0,0,37057765,3,3,2,4,0,1,2,4,2,3,1,70.83,CAN,CA,124.0,CAD,1,Canada,,,44.78404667,-82.50859333,,Canada,CA
11229,CAN,2020-06-06,1868277,96475,54087,7850,0,0,0,37057765,3,3,2,4,0,1,2,4,2,3,1,70.83,CAN,CA,124.0,CAD,1,Canada,,,44.78404667,-82.50859333,,Canada,CA
11230,CAN,2020-06-07,1896822,97178,54675,7877,0,0,0,37057765,3,3,2,4,0,1,2,4,2,3,1,70.83,CAN,CA,124.0,CAD,1,Canada,,,44.78404667,-82.50859333,,Canada,CA
11231,CAN,2020-06-08,1930141,97779,55343,7910,0,0,0,37057765,3,3,2,4,0,1,2,4,2,3,1,70.83,CAN,CA,124.0,CAD,1,Canada,,,44.78404667,-82.50859333,,Canada,CA
11232,CAN,2020-06-09,1955719,98241,56117,7970,0,0,0,37057765,3,3,2,4,0,1,2,4,2,3,1,70.83,CAN,CA,124.0,CAD,1,Canada,,,44.78404667,-82.50859333,,Canada,CA
11233,CAN,2020-06-10,1989255,98720,57215,8038,0,0,0,37057765,3,3,2,4,0,1,2,4,2,3,1,70.83,CAN,CA,124.0,CAD,1,Canada,,,44.78404667,-82.50859333,,Canada,CA
11234,CAN,2020-06-11,2028496,99159,58131,8071,0,0,0,37057765,3,3,2,4,0,1,2,4,2,3,1,70.83,CAN,CA,124.0,CAD,1,Canada,,,44.78404667,-82.50859333,,Canada,CA
11235,CAN,2020-06-12,2072096,99595,59034,8125,0,0,0,37057765,3,3,2,4,0,1,2,4,2,3,1,70.83,CAN,CA,124.0,CAD,1,Canada,,,44.78404667,-82.50859333,,Canada,CA
11236,CAN,2020-06-13,2113924,100043,59851,8183,0,0,0,37057765,3,3,2,4,0,1,2,4,2,3,1,70.83,CAN,CA,124.0,CAD,1,Canada,,,44.78404667,-82.50859333,,Canada,CA
11237,CAN,2020-06-14,2152776,100404,60668,8218,0,0,0,37057765,3,3,2,4,0,1,2,4,2,3,1,70.83,CAN,CA,124.0,CAD,1,Canada,,,44.78404667,-82.50859333,,Canada,CA
11238,CAN,2020-06-15,2183476,100763,61466,8228,0,0,0,37057765,3,3,2,4,0,1,2,4,2,3,1,70.83,CAN,CA,124.0,CAD,1,Canada,,,44.78404667,-82.50859333,,Canada,CA
11239,CAN,2020-06-16,2216730,101087,61899,8271,0,0,0,37057765,3,3,2,4,0,1,2,4,2,3,1,70.83,CAN,CA,124.0,CAD,1,Canada,,,44.78404667,-82.50859333,,Canada,CA
11240,CAN,2020-06-17,2254481,101491,63280,8312,0,0,0,37057765,3,3,2,4,0,1,2,4,2,3,1,70.83,CAN,CA,124.0,CAD,1,Canada,,,44.78404667,-82.50859333,,Canada,CA
11241,CAN,2020-06-18,2295440,101877,63782,8361,0,0,0,37057765,3,3,2,4,0,1,2,4,2,3,1,70.83,CAN,CA,124.0,CAD,1,Canada,,,44.78404667,-82.50859333,,Canada,CA
11242,CAN,2020-06-19,2339563,102314,64318,8408,0,0,0,37057765,3,3,2,4,0,1,2,4,2,3,1,70.83,CAN,CA,124.0,CAD,1,Canada,,,44.78404667,-82.50859333,,Canada,CA
11243,CAN,2020-06-20,2382781,102762,64826,8466,0,0,0,37057765,3,3,2,4,0,1,2,4,2,3,1,70.83,CAN,CA,124.0,CAD,1,Canada,,,44.78404667,-82.50859333,,Canada,CA
11244,CAN,2020-06-21,2415441,103078,65249,8482,0,0,0,37057765,3,3,2,4,0,1,2,4,2,3,1,70.83,CAN,CA,124.0,CAD,1,Canada,,,44.78404667,-82.50859333,,Canada,CA
11245,CAN,2020-06-22,2444118,103418,65721,8494,0,0,0,37057765,3,2,2,4,0,1,2,4,2,3,1,68.98,CAN,CA,124.0,CAD,1,Canada,,,44.78404667,-82.50859333,,Canada,CA
11246,CAN,2020-06-23,2482869,103767,66135,8512,0,0,0,37057765,3,2,2,4,0,1,2,4,2,3,1,68.98,CAN,CA,124.0,CAD,1,Canada,,,44.78404667,-82.50859333,,Canada,CA
11247,CAN,2020-06-24,2518650,104087,66533,8544,0,0,0,37057765,3,2,2,4,0,1,2,4,2,3,1,68.98,CAN,CA,124.0,CAD,1,Canada,,,44.78404667,-82.50859333,,Canada,CA
11248,CAN,2020-06-25,2558363,104463,66869,8567,0,0,0,37057765,3,2,2,4,0,1,2,4,2,3,1,68.98,CAN,CA,124.0,CAD,1,Canada,,,44.78404667,-82.50859333,,Canada,CA
11249,CAN,2020-06-26,2598243,104629,67182,8571,0,0,0,37057765,3,2,2,4,0,1,2,4,2,3,1,68.98,CAN,CA,124.0,CAD,1,Canada,,,44.78404667,-82.50859333,,Canada,CA
11250,CAN,2020-06-27,2640315,104878,67445,8576,0,0,0,37057765,3,2,2,4,0,1,2,4,2,3,1,68.98,CAN,CA,124.0,CAD,1,Canada,,,44.78404667,-82.50859333,,Canada,CA
11251,CAN,2020-06-28,2676705,105193,67689,8582,0,0,0,37057765,3,2,2,4,0,1,2,4,2,3,1,68.98,CAN,CA,124.0,CAD,1,Canada,,,44.78404667,-82.50859333,,Canada,CA
11252,CAN,2020-06-29,2721685,105830,68698,8628,0,0,0,37057765,3,2,2,4,0,1,2,4,2,3,1,68.98,CAN,CA,124.0,CAD,1,Canada,,,44.78404667,-82.50859333,,Canada,CA
11253,CAN,2020-06-30,2770153,106097,69120,8650,0,0,0,37057765,3,2,2,4,0,1,2,4,2,3,1,68.98,CAN,CA,124.0,CAD,1,Canada,,,44.78404667,-82.50859333,,Canada,CA
11254,CAN,2020-07-01,2770153,106288,69397,8678,0,0,0,37057765,3,2,2,4,0,1,2,4,2,3,1,68.98,CAN,CA,124.0,CAD,1,Canada,,,44.78404667,-82.50859333,,Canada,CA
11255,CAN,2020-07-02,2848244,106643,69872,8700,0,0,0,37057765,3,2,2,4,0,1,2,4,2,3,1,68.98,CAN,CA,124.0,CAD,1,Canada,,,44.78404667,-82.50859333,,Canada,CA
11256,CAN,2020-07-03,2885746,106962,70232,8722,0,0,0,37057765,3,2,2,4,0,1,2,4,2,3,1,68.98,CAN,CA,124.0,CAD,1,Canada,,,44.78404667,-82.50859333,,Canada,CA
11257,CAN,2020-07-04,2914954,107185,70507,8732,0,0,0,37057765,3,2,2,4,0,1,2,4,2,3,1,68.98,CAN,CA,124.0,CAD,1,Canada,,,44.78404667,-82.50859333,,Canada,CA
11258,CAN,2020-07-05,2940925,107394,70772,8739,0,0,0,37057765,3,2,2,4,0,1,2,4,2,3,1,68.98,CAN,CA,124.0,CAD,1,Canada,,,44.78404667,-82.50859333,,Canada,CA
11259,CAN,2020-07-06,2975711,107815,71141,8748,0,0,0,37057765,3,2,2,4,0,1,2,4,2,3,1,68.98,CAN,CA,124.0,CAD,1,Canada,,,44.78404667,-82.50859333,,Canada,CA
11260,CAN,2020-07-07,3020172,108023,71418,8765,0,0,0,37057765,3,2,2,4,0,1,2,4,2,3,1,68.98,CAN,CA,124.0,CAD,1,Canada,,,44.78404667,-82.50859333,,Canada,CA
11261,CAN,2020-07-08,3055341,108334,71805,8786,0,0,0,37057765,3,2,2,4,0,1,2,4,2,3,1,68.98,CAN,CA,124.0,CAD,1,Canada,,,44.78404667,-82.50859333,,Canada,CA
11262,CAN,2020-07-09,3098193,108656,72095,8797,0,0,0,37057765,3,2,2,4,0,1,2,4,2,3,1,67.13,CAN,CA,124.0,CAD,1,Canada,,,44.78404667,-82.50859333,,Canada,CA
11263,CAN,2020-07-10,3142702,108984,72466,8811,0,0,0,37057765,3,2,2,4,0,1,2,4,2,3,1,67.13,CAN,CA,124.0,CAD,1,Canada,,,44.78404667,-82.50859333,,Canada,CA
11264,CAN,2020-07-11,3183516,109150,72784,8818,0,0,0,37057765,3,2,2,4,0,1,2,4,2,3,1,67.13,CAN,CA,124.0,CAD,1,Canada,,,44.78404667,-82.50859333,,Canada,CA
11265,CAN,2020-07-12,3212879,109348,72954,8829,0,0,0,37057765,3,2,2,4,0,1,2,4,2,3,1,67.13,CAN,CA,124.0,CAD,1,Canada,,,44.78404667,-82.50859333,,Canada,CA
11266,CAN,2020-07-13,3257608,109984,73381,8836,0,0,0,37057765,3,2,2,4,0,1,2,4,2,3,1,67.13,CAN,CA,124.0,CAD,1,Canada,,,44.78404667,-82.50859333,,Canada,CA
11267,CAN,2020-07-14,3302483,110350,73713,8845,0,0,0,37057765,3,2,2,4,0,1,2,4,2,3,1,67.13,CAN,CA,124.0,CAD,1,Canada,,,44.78404667,-82.50859333,,Canada,CA
11268,CAN,2020-07-15,3341893,110693,74067,8857,0,0,0,37057765,3,2,2,4,0,1,2,4,2,3,1,67.13,CAN,CA,124.0,CAD,1,Canada,,,44.78404667,-82.50859333,,Canada,CA
11269,CAN,2020-07-16,3387755,111144,74433,8875,0,0,0,37057765,3,2,2,4,0,1,2,4,2,3,1,67.13,CAN,CA,124.0,CAD,1,Canada,,,44.78404667,-82.50859333,,Canada,CA
11270,CAN,2020-07-17,3438041,111559,98281,8884,0,0,0,37057765,3,2,2,4,0,1,2,4,2,3,1,67.13,CAN,CA,124.0,CAD,1,Canada,,,44.78404667,-82.50859333,,Canada,CA
11271,CAN,2020-07-18,3481804,111875,98436,8892,0,0,0,37057765,3,2,2,4,0,1,2,4,2,3,1,67.13,CAN,CA,124.0,CAD,1,Canada,,,44.78404667,-82.50859333,,Canada,CA
11272,CAN,2020-07-19,3520542,112168,98564,8896,0,0,0,37057765,3,2,2,4,0,1,2,4,2,3,1,67.13,CAN,CA,124.0,CAD,1,Canada,,,44.78404667,-82.50859333,,Canada,CA
11273,CAN,2020-07-20,3573630,112938,98975,8902,0,0,0,37057765,3,2,2,4,0,1,2,4,2,3,1,67.13,CAN,CA,124.0,CAD,1,Canada,,,44.78404667,-82.50859333,,Canada,CA
11274,CAN,2020-07-21,3616728,113473,99248,8908,0,0,0,37057765,3,2,2,4,0,1,2,4,2,3,1,67.13,CAN,CA,124.0,CAD,1,Canada,,,44.78404667,-82.50859333,,Canada,CA
11275,CAN,2020-07-22,3659778,113790,99501,8913,0,0,0,37057765,3,2,2,4,0,1,2,4,2,3,1,67.13,CAN,CA,124.0,CAD,1,Canada,,,44.78404667,-82.50859333,,Canada,CA
11276,CAN,2020-07-23,3697322,114398,99937,8919,0,0,0,37057765,3,2,2,4,0,1,2,4,2,3,1,67.13,CAN,CA,124.0,CAD,1,Canada,,,44.78404667,-82.50859333,,Canada,CA
11277,CAN,2020-07-24,3717483,115115,100504,8923,0,0,0,37057765,3,2,2,4,0,1,2,4,2,3,1,67.13,CAN,CA,124.0,CAD,1,Canada,,,44.78404667,-82.50859333,,Canada,CA
11278,CAN,2020-07-25,3761927,115470,100765,8929,0,0,0,37057765,3,2,2,4,0,1,2,4,2,3,1,67.13,CAN,CA,124.0,CAD,1,Canada,,,44.78404667,-82.50859333,,Canada,CA
11279,CAN,2020-07-26,3801950,115789,100969,8934,0,0,0,37057765,3,2,2,4,0,1,2,4,2,3,1,67.13,CAN,CA,124.0,CAD,1,Canada,,,44.78404667,-82.50859333,,Canada,CA
11280,CAN,2020-07-27,3863830,116471,101447,8945,0,0,0,37057765,3,2,2,4,0,1,2,4,2,3,1,67.13,CAN,CA,124.0,CAD,1,Canada,,,44.78404667,-82.50859333,,Canada,CA
11281,CAN,2020-07-28,3899192,116871,101686,8957,0,0,0,37057765,3,2,2,4,0,1,2,4,2,3,1,67.13,CAN,CA,124.0,CAD,1,Canada,,,44.78404667,-82.50859333,,Canada,CA
11282,CAN,2020-07-29,3946565,117357,101992,8962,0,0,0,37057765,3,2,2,4,0,1,2,4,2,3,1,67.13,CAN,CA,124.0,CAD,1,Canada,,,44.78404667,-82.50859333,,Canada,CA
11283,CAN,2020-07-30,3996625,117677,102344,8974,0,0,0,37057765,3,2,2,4,0,1,2,4,2,3,1,67.13,CAN,CA,124.0,CAD,1,Canada,,,44.78404667,-82.50859333,,Canada,CA
11284,CAN,2020-07-31,4050358,118281,102906,8980,0,0,0,37057765,3,2,2,4,0,1,2,4,2,3,2,67.13,CAN,CA,124.0,CAD,1,Canada,,,44.78404667,-82.50859333,,Canada,CA
11285,CAN,2020-08-01,4098752,118523,103072,8986,0,0,0,37057765,3,2,2,4,0,1,2,4,2,3,2,67.13,CAN,CA,124.0,CAD,1,Canada,,,44.78404667,-82.50859333,,Canada,CA
11286,CAN,2020-08-02,4143459,118768,103201,8990,0,0,0,37057765,3,2,2,4,0,1,2,4,2,3,2,67.13,CAN,CA,124.0,CAD,1,Canada,,,44.78404667,-82.50859333,,Canada,CA
11287,CAN,2020-08-03,4178195,118973,103284,8995,0,0,0,37057765,3,2,2,4,0,1,2,4,2,3,2,67.13,CAN,CA,124.0,CAD,1,Canada,,,44.78404667,-82.50859333,,Canada,CA
11288,CAN,2020-08-04,4236521,119659,104058,9005,0,0,0,37057765,3,2,2,4,0,1,2,4,2,3,2,67.13,CAN,CA,124.0,CAD,1,Canada,,,44.78404667,-82.50859333,,Canada,CA
11289,CAN,2020-08-05,4272606,120033,104377,9010,0,0,0,37057765,3,2,2,4,0,1,2,4,2,3,2,67.13,CAN,CA,124.0,CAD,1,Canada,,,44.78404667,-82.50859333,,Canada,CA
11290,CAN,2020-08-06,4319172,120387,104678,9013,0,0,0,37057765,3,2,2,4,0,1,2,4,2,3,2,67.13,CAN,CA,124.0,CAD,1,Canada,,,44.78404667,-82.50859333,,Canada,CA
11291,CAN,2020-08-07,4367208,120903,105128,9017,0,0,0,37057765,3,2,2,4,0,1,2,4,2,3,2,67.13,CAN,CA,124.0,CAD,1,Canada,,,44.78404667,-82.50859333,,Canada,CA
11292,CAN,2020-08-08,4404038,121148,105255,9024,0,0,0,37057765,3,2,2,4,0,1,2,4,2,3,2,67.13,CAN,CA,124.0,CAD,1,Canada,,,44.78404667,-82.50859333,,Canada,CA
11293,CAN,2020-08-09,4447810,121367,105420,9028,0,0,0,37057765,3,2,2,4,0,1,2,4,2,3,2,67.13,CAN,CA,124.0,CAD,1,Canada,,,44.78404667,-82.50859333,,Canada,CA
11294,CAN,2020-08-10,4505218,122053,108050,9034,0,0,0,37057765,3,2,2,4,0,1,2,4,2,3,2,67.13,CAN,CA,124.0,CAD,1,Canada,,,44.78404667,-82.50859333,,Canada,CA
11295,CAN,2020-08-11,4541747,122389,108465,9038,0,0,0,37057765,3,2,2,4,0,1,2,4,2,3,2,67.13,CAN,CA,124.0,CAD,1,Canada,,,44.78404667,-82.50859333,,Canada,CA
11296,CAN,2020-08-12,4581083,122703,108829,9052,0,0,0,37057765,3,2,2,4,0,1,2,3,2,3,2,64.35,CAN,CA,124.0,CAD,1,Canada,,,44.78404667,-82.50859333,,Canada,CA
11297,CAN,2020-08-13,4635105,123180,109260,9063,0,0,0,37057765,3,2,2,4,0,1,2,3,2,3,2,64.35,CAN,CA,124.0,CAD,1,Canada,,,44.78404667,-82.50859333,,Canada,CA
11298,CAN,2020-08-14,4685663,123605,109657,9068,0,0,0,37057765,3,2,2,4,0,1,2,3,2,3,2,64.35,CAN,CA,124.0,CAD,1,Canada,,,44.78404667,-82.50859333,,Canada,CA
11299,CAN,2020-08-15,4741146,123825,109933,9072,0,0,0,37057765,3,2,2,4,0,1,2,3,2,3,2,64.35,CAN,CA,124.0,CAD,1,Canada,,,44.78404667,-82.50859333,,Canada,CA
11300,CAN,2020-08-16,4778360,124004,110202,9074,0,0,0,37057765,3,2,2,4,0,1,2,3,2,3,2,64.35,CAN,CA,124.0,CAD,1,Canada,,,44.78404667,-82.50859333,,Canada,CA
11301,CAN,2020-08-17,4840043,124218,110433,9075,0,0,0,37057765,3,2,2,4,0,1,2,3,2,3,2,64.35,CAN,CA,124.0,CAD,1,Canada,,,44.78404667,-82.50859333,,Canada,CA
11302,CAN,2020-08-18,4880172,125084,111092,9090,0,0,0,37057765,3,2,2,4,0,1,2,3,2,3,2,64.35,CAN,CA,124.0,CAD,1,Canada,,,44.78404667,-82.50859333,,Canada,CA
11303,CAN,2020-08-19,4925446,125408,111559,9095,0,0,0,37057765,3,2,2,4,0,1,2,3,2,3,2,64.35,CAN,CA,124.0,CAD,1,Canada,,,44.78404667,-82.50859333,,Canada,CA
11304,CAN,2020-08-20,4974215,125625,111811,9097,0,0,0,37057765,3,2,2,4,0,1,2,3,2,3,2,64.35,CAN,CA,124.0,CAD,1,Canada,,,44.78404667,-82.50859333,,Canada,CA
11305,CAN,2020-08-21,5034059,126319,112381,9110,0,0,0,37057765,3,2,2,4,0,1,2,3,2,3,2,64.35,CAN,CA,124.0,CAD,1,Canada,,,44.78404667,-82.50859333,,Canada,CA
11306,CAN,2020-08-22,5076734,126560,112621,9117,0,0,0,37057765,3,2,2,4,0,1,2,3,2,3,2,64.35,CAN,CA,124.0,CAD,1,Canada,,,44.78404667,-82.50859333,,Canada,CA
11307,CAN,2020-08-23,5115490,126817,112836,9119,0,0,0,37057765,3,2,2,4,0,1,2,3,2,3,2,64.35,CAN,CA,124.0,CAD,1,Canada,,,44.78404667,-82.50859333,,Canada,CA
11308,CAN,2020-08-24,5169166,127594,113449,9129,0,0,0,37057765,3,2,2,4,0,1,2,3,2,3,2,64.35,CAN,CA,124.0,CAD,1,Canada,,,44.78404667,-82.50859333,,Canada,CA
11309,CAN,2020-08-25,5205086,127903,113809,9136,0,0,0,37057765,3,2,2,4,0,1,2,3,2,3,2,61.57,CAN,CA,124.0,CAD,1,Canada,,,44.78404667,-82.50859333,,Canada,CA
11310,CAN,2020-08-26,5245891,128380,114220,9141,0,0,0,37057765,3,2,2,4,0,1,2,3,2,3,2,61.57,CAN,CA,124.0,CAD,1,Canada,,,44.78404667,-82.50859333,,Canada,CA
11311,CAN,2020-08-27,5294012,128836,114610,9148,0,0,0,37057765,3,2,2,4,0,1,2,3,2,3,2,61.57,CAN,CA,124.0,CAD,1,Canada,,,44.78404667,-82.50859333,,Canada,CA
11312,CAN,2020-08-28,5355340,129342,115029,9155,0,0,0,37057765,3,2,2,4,0,1,2,3,2,3,2,64.35,CAN,CA,124.0,CAD,1,Canada,,,44.78404667,-82.50859333,,Canada,CA
11313,CAN,2020-08-29,5402249,129639,115294,9161,0,0,0,37057765,3,2,2,4,0,1,2,3,2,3,2,64.35,CAN,CA,124.0,CAD,1,Canada,,,44.78404667,-82.50859333,,Canada,CA
11314,CAN,2020-08-30,5440447,129888,115460,9164,0,0,0,37057765,3,2,2,4,0,1,2,3,2,3,2,64.35,CAN,CA,124.0,CAD,1,Canada,,,44.78404667,-82.50859333,,Canada,CA
11315,CAN,2020-08-31,5504392,130918,116020,9173,0,0,0,37057765,3,2,2,4,0,1,2,3,2,3,2,64.35,CAN,CA,124.0,CAD,1,Canada,,,44.78404667,-82.50859333,,Canada,CA
11316,CAN,2020-09-01,5545549,131422,116432,9179,0,0,0,37057765,3,2,2,4,0,1,2,3,2,3,2,64.35,CAN,CA,124.0,CAD,1,Canada,,,44.78404667,-82.50859333,,Canada,CA
11317,CAN,2020-09-02,5590068,131941,116866,9182,0,0,0,37057765,3,2,2,4,0,1,2,3,2,3,2,64.35,CAN,CA,124.0,CAD,1,Canada,,,44.78404667,-82.50859333,,Canada,CA
11318,CAN,2020-09-03,5638703,132527,117277,9189,0,0,0,37057765,3,2,2,4,0,1,2,3,2,3,2,64.35,CAN,CA,124.0,CAD,1,Canada,,,44.78404667,-82.50859333,,Canada,CA
11319,CAN,2020-09-04,5690609,133141,117755,9190,0,0,0,37057765,3,2,2,4,0,1,2,3,2,3,2,64.35,CAN,CA,124.0,CAD,1,Canada,,,44.78404667,-82.50859333,,Canada,CA
11320,CAN,2020-09-05,5735811,133511,117968,9192,0,0,0,37057765,3,2,2,4,0,1,2,3,2,3,2,64.35,CAN,CA,124.0,CAD,1,Canada,,,44.78404667,-82.50859333,,Canada,CA
11321,CAN,2020-09-06,5781027,133890,118192,9194,0,0,0,37057765,3,2,2,4,0,1,2,3,2,3,2,64.35,CAN,CA,124.0,CAD,1,Canada,,,44.78404667,-82.50859333,,Canada,CA
11322,CAN,2020-09-07,5841880,134295,118386,9196,0,0,0,37057765,3,2,2,4,0,1,2,3,2,3,2,64.35,CAN,CA,124.0,CAD,1,Canada,,,44.78404667,-82.50859333,,Canada,CA
11323,CAN,2020-09-08,5891121,135757,119420,9203,0,0,0,37057765,2,2,2,4,0,1,2,3,2,3,2,60.65,CAN,CA,124.0,CAD,1,Canada,,,44.78404667,-82.50859333,,Canada,CA
11324,CAN,2020-09-09,5929848,136135,119789,9204,0,0,0,37057765,2,2,2,4,0,1,2,3,2,3,2,60.65,CAN,CA,124.0,CAD,1,Canada,,,44.78404667,-82.50859333,,Canada,CA
11325,CAN,2020-09-10,5979566,136956,120848,9213,0,0,0,37057765,2,2,2,4,0,1,2,3,2,3,2,60.65,CAN,CA,124.0,CAD,1,Canada,,,44.78404667,-82.50859333,,Canada,CA
11326,CAN,2020-09-11,6046330,137676,121537,9214,0,0,0,37057765,2,2,2,4,0,1,2,3,2,3,2,60.65,CAN,CA,124.0,CAD,1,Canada,,,44.78404667,-82.50859333,,Canada,CA
11327,CAN,2020-09-12,6069252,138164,121944,9220,0,0,0,37057765,2,2,2,4,0,1,2,3,2,3,2,60.65,CAN,CA,124.0,CAD,1,Canada,,,44.78404667,-82.50859333,,Canada,CA
11328,CAN,2020-09-13,6154468,138640,122266,9220,0,0,0,37057765,2,2,2,4,0,1,2,3,2,3,2,60.65,CAN,CA,124.0,CAD,1,Canada,,,44.78404667,-82.50859333,,Canada,CA
11329,CAN,2020-09-14,6235465,140098,123120,9229,0,0,0,37057765,2,2,2,4,0,1,2,3,2,3,2,60.65,CAN,CA,124.0,CAD,1,Canada,,,44.78404667,-82.50859333,,Canada,CA
11330,CAN,2020-09-15,6292160,140900,123777,9239,0,0,0,37057765,2,2,2,4,0,1,2,3,2,3,2,60.65,CAN,CA,124.0,CAD,1,Canada,,,44.78404667,-82.50859333,,Canada,CA
11331,CAN,2020-09-16,6354657,141852,124412,9244,0,0,0,37057765,2,2,2,4,0,1,2,3,2,3,2,60.65,CAN,CA,124.0,CAD,1,Canada,,,44.78404667,-82.50859333,,Canada,CA
11332,CAN,2020-09-17,6422063,142879,124984,9249,0,0,0,37057765,2,2,2,4,0,1,2,3,2,3,2,60.65,CAN,CA,124.0,CAD,1,Canada,,,44.78404667,-82.50859333,,Canada,CA
11333,CAN,2020-09-18,6489802,144053,125654,9256,0,0,0,37057765,2,2,2,4,0,1,2,3,2,3,2,60.65,CAN,CA,124.0,CAD,1,Canada,,,44.78404667,-82.50859333,,Canada,CA
11334,CAN,2020-09-19,6554147,144607,125984,9262,0,0,0,37057765,2,2,2,4,0,1,2,3,2,3,2,60.65,CAN,CA,124.0,CAD,1,Canada,,,44.78404667,-82.50859333,,Canada,CA
11335,CAN,2020-09-20,6618481,145750,126592,9267,0,0,0,37057765,2,2,2,4,0,1,2,3,2,3,2,60.65,CAN,CA,124.0,CAD,1,Canada,,,44.78404667,-82.50859333,,Canada,CA
11336,CAN,2020-09-21,6698544,147583,127684,9279,0,0,0,37057765,2,2,2,4,0,1,2,3,2,3,2,60.65,CAN,CA,124.0,CAD,1,Canada,,,44.78404667,-82.50859333,,Canada,CA
11337,CAN,2020-09-22,6766982,148855,128890,9286,0,0,0,37057765,2,2,2,4,0,1,2,3,2,3,2,60.65,CAN,CA,124.0,CAD,1,Canada,,,44.78404667,-82.50859333,,Canada,CA
11338,CAN,2020-09-23,6833661,149939,129850,9294,0,0,0,37057765,2,2,2,4,0,1,2,3,2,3,2,60.65,CAN,CA,124.0,CAD,1,Canada,,,44.78404667,-82.50859333,,Canada,CA
11339,CAN,2020-09-24,6901251,151087,130576,9297,0,0,0,37057765,2,2,2,4,0,1,2,3,2,3,2,60.65,CAN,CA,124.0,CAD,1,Canada,,,44.78404667,-82.50859333,,Canada,CA
11340,CAN,2020-09-25,6979242,152717,131709,9306,0,0,0,37057765,2,2,2,4,0,1,2,3,2,3,2,60.65,CAN,CA,124.0,CAD,1,Canada,,,44.78404667,-82.50859333,,Canada,CA
11341,CAN,2020-09-26,7049458,153770,132253,9313,0,0,0,37057765,2,2,2,4,0,1,2,3,2,3,2,60.65,CAN,CA,124.0,CAD,1,Canada,,,44.78404667,-82.50859333,,Canada,CA
11342,CAN,2020-09-27,7117709,155428,133204,9318,0,0,0,37057765,2,2,2,4,0,1,2,3,2,3,2,60.65,CAN,CA,124.0,CAD,1,Canada,,,44.78404667,-82.50859333,,Canada,CA
11343,CAN,2020-09-28,7220108,157219,134551,9328,0,0,0,37057765,2,2,2,4,0,1,2,3,2,3,2,60.65,CAN,CA,124.0,CAD,1,Canada,,,44.78404667,-82.50859333,,Canada,CA
11344,CAN,2020-09-29,7295024,158991,135765,9340,0,0,0,37057765,2,2,2,4,0,1,2,3,2,3,2,60.65,CAN,CA,124.0,CAD,1,Canada,,,44.78404667,-82.50859333,,Canada,CA
11345,CAN,2020-09-30,7355960,161107,137181,9346,0,0,0,37057765,2,2,2,4,0,1,2,3,2,3,2,60.65,CAN,CA,124.0,CAD,1,Canada,,,44.78404667,-82.50859333,,Canada,CA
11346,CAN,2020-10-01,7423052,162930,138548,9368,0,0,0,37057765,2,2,2,4,0,1,2,3,2,3,2,60.65,CAN,CA,124.0,CAD,1,Canada,,,44.78404667,-82.50859333,,Canada,CA
11347,CAN,2020-10-02,7490205,165054,139817,9466,0,0,0,37057765,2,2,2,4,0,1,2,3,2,3,2,60.65,CAN,CA,124.0,CAD,1,Canada,,,44.78404667,-82.50859333,,Canada,CA
11348,CAN,2020-10-03,7563615,166360,140711,9488,0,0,0,37057765,2,2,2,4,0,1,2,3,2,3,2,60.65,CAN,CA,124.0,CAD,1,Canada,,,44.78404667,-82.50859333,,Canada,CA
11349,CAN,2020-10-04,7625793,168501,142502,9533,0,0,0,37057765,2,2,2,4,0,1,2,3,2,3,2,60.65,CAN,CA,124.0,CAD,1,Canada,,,44.78404667,-82.50859333,,Canada,CA
11350,CAN,2020-10-05,7695259,171384,144653,9560,0,0,0,37057765,2,2,2,4,0,1,2,3,2,3,2,60.65,CAN,CA,124.0,CAD,1,Canada,,,44.78404667,-82.50859333,,Canada,CA
11351,CAN,2020-10-06,7825231,173756,146429,9582,0,0,0,37057765,2,2,2,4,0,1,2,3,2,3,2,60.65,CAN,CA,124.0,CAD,1,Canada,,,44.78404667,-82.50859333,,Canada,CA
11352,CAN,2020-10-07,7899256,175380,147814,9593,0,0,0,37057765,2,2,2,4,0,1,2,3,2,3,2,60.65,CAN,CA,124.0,CAD,1,Canada,,,44.78404667,-82.50859333,,Canada,CA
11353,CAN,2020-10-08,7984582,177730,149692,9609,0,0,0,37057765,2,2,2,4,0,1,2,3,2,3,2,60.65,CAN,CA,124.0,CAD,1,Canada,,,44.78404667,-82.50859333,,Canada,CA
11354,CAN,2020-10-09,8072318,180625,152046,9638,0,0,0,37057765,2,2,2,4,0,1,2,3,2,3,2,60.65,CAN,CA,124.0,CAD,1,Canada,,,44.78404667,-82.50859333,,Canada,CA
11355,CAN,2020-10-10,8150945,182767,153857,9661,0,0,0,37057765,2,2,2,4,0,1,2,3,2,3,2,60.65,CAN,CA,124.0,CAD,1,Canada,,,44.78404667,-82.50859333,,Canada,CA
11356,CAN,2020-10-11,8218788,184403,155901,9666,0,0,0,37057765,2,2,2,4,0,1,2,3,2,3,2,60.65,CAN,CA,124.0,CAD,1,Canada,,,44.78404667,-82.50859333,,Canada,CA
11357,CAN,2020-10-12,8243089,185378,156940,9680,0,0,0,37057765,2,2,2,4,0,1,2,3,2,3,2,60.65,CAN,CA,124.0,CAD,1,Canada,,,44.78404667,-82.50859333,,Canada,CA
11358,CAN,2020-10-13,8327756,189489,160223,9707,0,0,0,37057765,2,2,2,4,0,1,2,3,2,3,2,60.65,CAN,CA,124.0,CAD,1,Canada,,,44.78404667,-82.50859333,,Canada,CA
11359,CAN,2020-10-14,8419714,192064,162064,9719,0,0,0,37057765,2,2,2,4,0,1,2,3,2,3,2,60.65,CAN,CA,124.0,CAD,1,Canada,,,44.78404667,-82.50859333,,Canada,CA
11360,CAN,2020-10-15,8469789,194362,164154,9756,0,0,0,37057765,2,2,2,4,0,1,2,3,2,3,2,60.65,CAN,CA,124.0,CAD,1,Canada,,,44.78404667,-82.50859333,,Canada,CA
11361,CAN,2020-10-16,8558420,196928,166313,9781,0,0,0,37057765,2,2,2,4,0,1,2,3,2,3,2,60.65,CAN,CA,124.0,CAD,1,Canada,,,44.78404667,-82.50859333,,Canada,CA
11362,CAN,2020-10-17,8625475,197067,166444,9782,0,0,0,37057765,2,2,2,4,0,1,2,3,2,3,2,60.65,CAN,CA,124.0,CAD,1,Canada,,,44.78404667,-82.50859333,,Canada,CA
11363,CAN,2020-10-18,8679910,200804,169751,9816,0,0,0,37057765,2,2,2,4,0,1,2,3,2,3,2,60.65,CAN,CA,124.0,CAD,1,Canada,,,44.78404667,-82.50859333,,Canada,CA
11364,CAN,2020-10-19,8752279,204111,172406,9832,0,0,0,37057765,2,2,2,4,0,1,2,3,2,3,2,60.65,CAN,CA,124.0,CAD,1,Canada,,,44.78404667,-82.50859333,,Canada,CA
11365,CAN,2020-10-20,8812267,206349,174514,9849,0,0,0,37057765,2,2,2,4,0,1,2,3,2,3,2,60.65,CAN,CA,124.0,CAD,1,Canada,,,44.78404667,-82.50859333,,Canada,CA
11366,CAN,2020-10-21,8873114,209036,171405,9883,0,0,0,37057765,2,2,2,4,0,1,2,3,2,3,2,60.65,CAN,CA,124.0,CAD,1,Canada,,,44.78404667,-82.50859333,,Canada,CA
11367,CAN,2020-10-22,8942196,211617,173299,9916,0,0,0,37057765,2,2,2,4,0,1,2,3,2,3,2,60.65,CAN,CA,124.0,CAD,1,Canada,,,44.78404667,-82.50859333,,Canada,CA
11368,CAN,2020-10-23,9015189,214519,180626,9940,0,0,0,37057765,2,2,2,4,0,1,2,3,2,3,2,60.65,CAN,CA,124.0,CAD,1,Canada,,,44.78404667,-82.50859333,,Canada,CA
11369,CAN,2020-10-24,9075423,216051,181974,9969,0,0,0,37057765,2,2,2,4,0,1,2,3,2,3,2,60.65,CAN,CA,124.0,CAD,1,Canada,,,44.78404667,-82.50859333,,Canada,CA
11370,CAN,2020-10-25,9126431,218874,184194,9995,0,0,0,37057765,2,2,2,4,0,1,2,3,2,3,2,60.65,CAN,CA,124.0,CAD,1,Canada,,,44.78404667,-82.50859333,,Canada,CA
11371,CAN,2020-10-26,9173829,222973,187100,10026,0,0,0,37057765,2,2,2,4,0,1,2,3,2,3,2,60.65,CAN,CA,124.0,CAD,1,Canada,,,44.78404667,-82.50859333,,Canada,CA
11372,CAN,2020-10-27,9254718,225703,189350,10052,0,0,0,37057765,2,2,2,4,0,1,2,3,2,3,2,60.65,CAN,CA,124.0,CAD,1,Canada,,,44.78404667,-82.50859333,,Canada,CA
11373,CAN,2020-10-28,9310390,228366,191723,10084,0,0,0,37057765,2,2,2,4,0,1,2,3,2,3,2,60.65,CAN,CA,124.0,CAD,1,Canada,,,44.78404667,-82.50859333,,Canada,CA
11374,CAN,2020-10-29,9373532,231383,194105,10127,0,0,0,37057765,2,2,2,4,0,1,2,3,2,3,2,60.65,CAN,CA,124.0,CAD,1,Canada,,,44.78404667,-82.50859333,,Canada,CA
11375,CAN,2020-10-30,9436375,234939,196935,10163,0,0,0,37057765,2,2,2,4,0,1,2,3,2,3,2,60.65,CAN,CA,124.0,CAD,1,Canada,,,44.78404667,-82.50859333,,Canada,CA
11376,CAN,2020-10-31,9501937,237313,198952,10187,0,0,0,37057765,2,2,2,4,0,1,2,3,2,3,2,60.65,CAN,CA,124.0,CAD,1,Canada,,,44.78404667,-82.50859333,,Canada,CA
11377,CAN,2020-11-01,9548758,239649,200768,10230,0,0,0,37057765,2,2,2,4,0,1,2,3,2,3,2,60.65,CAN,CA,124.0,CAD,1,Canada,,,44.78404667,-82.50859333,,Canada,CA
11378,CAN,2020-11-02,9597564,243178,203128,10262,0,0,0,37057765,2,2,2,4,0,1,2,3,2,3,2,60.65,CAN,CA,124.0,CAD,1,Canada,,,44.78404667,-82.50859333,,Canada,CA
11379,CAN,2020-11-03,9663055,247916,206691,10334,0,0,0,37057765,2,2,2,4,0,1,2,3,2,3,2,60.65,CAN,CA,124.0,CAD,1,Canada,,,44.78404667,-82.50859333,,Canada,CA
11380,CAN,2020-11-04,9700270,250698,208815,10385,0,0,0,37057765,2,2,2,4,0,1,2,3,2,3,2,60.65,CAN,CA,124.0,CAD,1,Canada,,,44.78404667,-82.50859333,,Canada,CA
11381,CAN,2020-11-05,9763591,253482,210429,10432,0,0,0,37057765,2,2,2,4,0,1,2,3,2,3,2,60.65,CAN,CA,124.0,CAD,1,Canada,,,44.78404667,-82.50859333,,Canada,CA
11382,CAN,2020-11-06,9826986,258875,214441,10493,0,0,0,37057765,2,2,2,4,0,1,2,3,2,3,2,60.65,CAN,CA,124.0,CAD,1,Canada,,,44.78404667,-82.50859333,,Canada,CA
11383,CAN,2020-11-07,9884582,263221,216338,10547,0,0,0,37057765,2,2,2,4,0,1,2,3,2,3,2,60.65,CAN,CA,124.0,CAD,1,Canada,,,44.78404667,-82.50859333,,Canada,CA
11384,CAN,2020-11-08,9935221,267165,218279,10575,0,0,0,37057765,2,2,2,4,0,1,2,3,2,3,2,60.65,CAN,CA,124.0,CAD,1,Canada,,,44.78404667,-82.50859333,,Canada,CA
11385,CAN,2020-11-09,9986069,272036,221758,10620,0,0,0,37057765,2,2,2,4,0,1,2,3,2,3,2,60.65,CAN,CA,124.0,CAD,1,Canada,,,44.78404667,-82.50859333,,Canada,CA
11386,CAN,2020-11-10,10044798,276481,224912,10693,0,0,0,37057765,2,2,2,4,0,1,2,3,2,3,2,60.65,CAN,CA,124.0,CAD,1,Canada,,,44.78404667,-82.50859333,,Canada,CA
11387,CAN,2020-11-11,10097037,280465,226826,10748,0,0,0,37057765,2,2,2,4,0,1,2,3,2,3,2,60.65,CAN,CA,124.0,CAD,1,Canada,,,44.78404667,-82.50859333,,Canada,CA
11388,CAN,2020-11-12,10158802,285939,230429,10828,0,0,0,37057765,2,2,2,4,0,1,2,3,2,3,2,60.65,CAN,CA,124.0,CAD,1,Canada,,,44.78404667,-82.50859333,,Canada,CA
11389,CAN,2020-11-13,10228547,290709,234404,10885,0,0,0,37057765,2,2,2,4,0,1,2,3,2,3,2,60.65,CAN,CA,124.0,CAD,1,Canada,,,44.78404667,-82.50859333,,Canada,CA
11390,CAN,2020-11-14,10293273,295139,236870,10947,0,0,0,37057765,2,2,2,4,0,1,2,3,2,3,2,60.65,CAN,CA,124.0,CAD,1,Canada,,,44.78404667,-82.50859333,,Canada,CA
11391,CAN,2020-11-15,10348040,299440,240434,11001,0,0,0,37057765,2,2,2,4,0,1,2,3,2,3,2,60.65,CAN,CA,124.0,CAD,1,Canada,,,44.78404667,-82.50859333,,Canada,CA
11392,CAN,2020-11-16,10402744,305473,244699,11075,0,0,0,37057765,2,2,2,4,0,1,2,3,2,3,2,60.65,CAN,CA,124.0,CAD,1,Canada,,,44.78404667,-82.50859333,,Canada,CA
11393,CAN,2020-11-17,10462996,309935,248859,11136,0,0,0,37057765,2,2,2,4,0,1,2,3,2,3,2,60.65,CAN,CA,124.0,CAD,1,Canada,,,44.78404667,-82.50859333,,Canada,CA
11394,CAN,2020-11-18,10517168,314453,253089,11238,0,0,0,37057765,2,3,2,4,0,1,2,3,2,3,2,64.35,CAN,CA,124.0,CAD,1,Canada,,,44.78404667,-82.50859333,,Canada,CA
11395,CAN,2020-11-19,10669262,319247,257310,11314,0,0,0,37057765,2,3,2,4,0,1,2,3,2,3,2,64.35,CAN,CA,124.0,CAD,1,Canada,,,44.78404667,-82.50859333,,Canada,CA
11396,CAN,2020-11-20,10746717,324234,261754,11385,0,0,0,37057765,2,3,2,4,0,1,2,3,2,3,2,64.35,CAN,CA,124.0,CAD,1,Canada,,,44.78404667,-82.50859333,,Canada,CA
11397,CAN,2020-11-21,10822889,329191,265568,11455,0,0,0,37057765,2,3,2,4,0,1,2,3,2,3,2,64.35,CAN,CA,124.0,CAD,1,Canada,,,44.78404667,-82.50859333,,Canada,CA
11398,CAN,2020-11-22,10881653,333936,269137,11502,0,0,0,37057765,2,3,2,4,0,1,2,3,2,3,2,64.35,CAN,CA,124.0,CAD,1,Canada,,,44.78404667,-82.50859333,,Canada,CA
11399,CAN,2020-11-23,10940659,340731,274315,11570,0,0,0,37057765,2,3,2,4,0,1,2,3,2,3,2,64.35,CAN,CA,124.0,CAD,1,Canada,,,44.78404667,-82.50859333,,Canada,CA
11400,CAN,2020-11-24,11027292,346013,278191,11676,0,0,0,37057765,2,3,2,4,0,1,2,3,2,3,2,64.35,CAN,CA,124.0,CAD,1,Canada,,,44.78404667,-82.50859333,,Canada,CA
11401,CAN,2020-11-25,11090768,350971,281883,11733,0,0,0,37057765,2,3,2,4,0,1,2,3,2,3,2,64.35,CAN,CA,124.0,CAD,1,Canada,,,44.78404667,-82.50859333,,Canada,CA
11402,CAN,2020-11-26,11159813,356650,285672,11818,0,0,0,37057765,2,3,2,4,0,1,2,3,2,3,2,64.35,CAN,CA,124.0,CAD,1,Canada,,,44.78404667,-82.50859333,,Canada,CA
11403,CAN,2020-11-27,11262041,362604,291221,11916,0,0,0,37057765,2,3,2,4,0,1,2,3,2,3,2,64.35,CAN,CA,124.0,CAD,1,Canada,,,44.78404667,-82.50859333,,Canada,CA
11404,CAN,2020-11-28,11344925,368279,295475,11993,0,0,0,37057765,2,3,2,4,0,1,2,3,2,3,2,64.35,CAN,CA,124.0,CAD,1,Canada,,,44.78404667,-82.50859333,,Canada,CA
11405,CAN,2020-11-29,11412572,373662,299095,12046,0,0,0,37057765,2,3,2,4,0,1,2,3,2,3,2,64.35,CAN,CA,124.0,CAD,1,Canada,,,44.78404667,-82.50859333,,Canada,CA
11406,CAN,2020-11-30,11475642,381557,304595,12147,0,0,0,37057765,2,3,2,4,0,1,2,3,2,3,2,64.35,CAN,CA,124.0,CAD,1,Canada,,,44.78404667,-82.50859333,,Canada,CA
11407,CAN,2020-12-01,11573322,387052,309557,12229,0,0,0,37057765,2,3,2,4,0,1,2,3,2,3,2,64.35,CAN,CA,124.0,CAD,1,Canada,,,44.78404667,-82.50859333,,Canada,CA
11408,CAN,2020-12-02,11652814,393506,314529,12342,0,0,0,37057765,2,3,2,4,0,1,2,3,2,3,2,64.35,CAN,CA,124.0,CAD,1,Canada,,,44.78404667,-82.50859333,,Canada,CA
11409,CAN,2020-12-03,11739689,399770,319250,12423,0,0,0,37057765,2,3,2,4,0,1,2,3,2,3,2,64.35,CAN,CA,124.0,CAD,1,Canada,,,44.78404667,-82.50859333,,Canada,CA
11410,CAN,2020-12-04,11826099,406189,324802,12519,0,0,0,37057765,2,3,2,4,0,1,2,3,2,3,2,64.35,CAN,CA,124.0,CAD,1,Canada,,,44.78404667,-82.50859333,,Canada,CA
11411,CAN,2020-12-05,11905770,412543,329676,12607,0,0,0,37057765,2,3,2,4,0,1,2,3,2,3,2,64.35,CAN,CA,124.0,CAD,1,Canada,,,44.78404667,-82.50859333,,Canada,CA
11412,CAN,2020-12-06,11977563,418848,334375,12688,0,0,0,37057765,2,3,2,4,0,1,2,3,2,3,2,64.35,CAN,CA,124.0,CAD,1,Canada,,,44.78404667,-82.50859333,,Canada,CA
11413,CAN,2020-12-07,12069537,426572,344034,12796,0,0,0,37057765,2,3,2,4,0,1,2,3,2,3,2,64.35,CAN,CA,124.0,CAD,1,Canada,,,44.78404667,-82.50859333,,Canada,CA
11414,CAN,2020-12-08,12147827,432743,349629,12887,0,0,0,37057765,2,3,2,4,0,1,2,3,2,3,2,64.35,CAN,CA,124.0,CAD,1,Canada,,,44.78404667,-82.50859333,,Canada,CA
11415,CAN,2020-12-09,12226406,439142,355401,13009,0,0,0,37057765,2,3,2,4,0,1,2,3,2,3,2,64.35,CAN,CA,124.0,CAD,1,Canada,,,44.78404667,-82.50859333,,Canada,CA
11416,CAN,2020-12-10,12317829,445828,361020,13130,0,0,0,37057765,2,3,2,4,0,1,2,3,2,3,2,64.35,CAN,CA,124.0,CAD,1,Canada,,,44.78404667,-82.50859333,,Canada,CA
11417,CAN,2020-12-11,12317829,445828,361020,13130,0,0,0,37057765,2,3,2,4,0,1,2,3,2,3,2,64.35,CAN,CA,124.0,CAD,1,Canada,,,44.78404667,-82.50859333,,Canada,CA
